supplier,family,category,sub_family,sku,name,thickness_mm,length_m,unit_base,length_range,compatibility,composition,cost_excl_vat,cost_incl_vat,sale_excl_vat,sale_incl_vat,margin_percent,profit,consumer_final,web_price_excl_vat,web_sale_incl_vat,web_sale_incl_vat_alt,web_price_incl_vat,price_public
BROMYROS,ISOROOF,Panel,Isoroof Foil,IAGRO30,Isoroof FOIL 30 mm - Color Gris-Rojo,30,on demand ,m2,3.5 / 14,,PIR,28.14,,32.361,39.48042,,,,32.361,,,39.48042,
BROMYROS,ISOROOF,Panel,Isoroof Foil,IAGRO50,Isoroof FOIL 50 mm - Color Rojo-Gris,50,on demand ,m2,3.5 / 14,,PIR,31.9,,36.685,44.7557,,,,36.685,,,44.7557,
BROMYROS,ISOROOF,Panel,Isoroof 3G,IROOF30,Isoroof 30 mm Terracota o Gris,30,on demand ,m2,3.5 / 14,,PIR,34.737825,,39.94849875,48.73716848,,,,39.94849875,,,48.73716848,
BROMYROS,ISOROOF,Panel,Isoroof 3G,IROOF40,Isoroof 40 mm Terracota o Gris,40,on demand ,m2,3.5 / 14,,PIR,36.5,,41.975,51.2095,,,,41.975,,,51.2095,
BROMYROS,ISOROOF,Panel,Isoroof 3G,IROOF50,Isoroof 50 mm Terracota o Gris,50,on demand ,m2,3.5 / 14,,PIR,38.25834,,43.997091,53.67645102,,,,43.997091,,,53.67645102,
BROMYROS,ISOROOF,Panel,Isoroof 3G,IROOF80,Isoroof 80 mm - Gris - Rojo,80,on demand ,m2,3.5 / 14,,PIR,44.982385,,51.72974275,63.11028616,,,,51.72974275,,,63.11028616,
BROMYROS,ISOROOF,Panel,Isoroof 3G,IROOF100,Isoroof 100 mm - Gris - Rojo,100,on demand ,m2,3.5 / 14,,PIR,49.39,,56.7985,69.29417,,,,56.7985,,,69.29417,
BROMYROS,ISOROOF,Panel,Isoroof Plus,IROOF50-PLS,Isoroof Plus 50 mm - Gris - Rojo (MINIMO 800 M2),50,on demand ,m2,3.5 / 14,,PIR,43.53,,50.0595,61.07259,,,,60.942,,,74.34924,
BROMYROS,ISOROOF,Panel,Isoroof Plus,IROOF80-PLS,Isoroof Plus 80 mm - Gris - Rojo,80,on demand ,m2,3.5 / 14,,PIR,51.148065,,58.82027475,71.7607352,,,,58.82027475,,,71.7607352,
BROMYROS,Sellador,Accesorio,Isoroof Colonial,C.But.,Cinta Butilo 2mm x 15mm x 22.5m lineales,Estandar,"22,5",unit,,,Butilo ,12.95,,14.8925,18.16885,,,,18.13,,,22.1186,
BROMYROS,ISOROOF,Anclajes / Fijaciones,Isoroof Colonial,Cab. Roj,"Caballete Rojo Teja, Gris y blanco- (Arandela Trapezoidal)",Estandar,N/A ,unit,,,PIR,0.33,,0.495,0.6039,,,,0.462,,,0.56364,
BROMYROS,Estandar,Accesorio,Isoroof Colonial,Bromplast,Bromplast 8 - Silicona Neutra  X 600,Estandar,N/A ,unit,,,Estandar,7.91,,9.492,11.58024,,,,11.074,,,13.51028,
BROMYROS,ISOROOF,Perfileria / Terminaciones,Isoroof Colonial,GFS30,Gotero Frontal Simple 30mm Prep.,30,3.03,unit,3.03,,GOTERO FRONTAL PREPINTADO,13.19,,15.828,19.31016,,,,18.466,,,22.52852,
BROMYROS,ISOROOF,Perfileria / Terminaciones,Isoroof Colonial,GFS50,Gotero Frontal Simple 50mm Prep.,50,3.03,unit,3.03,,GOTERO FRONTAL PREPINTADO,13.97,,16.764,20.45208,,,,19.558,,,23.86076,
BROMYROS,ISOROOF,Perfileria / Terminaciones,Isoroof Colonial,GFS80,Gotero Frontal Simple 80mm Prep.,80,3.03,unit,3.03,,GOTERO FRONTAL PREPINTADO,14.69,,17.628,21.50616,,,,20.566,,,25.09052,
BROMYROS,ISOROOF,Perfileria / Terminaciones,Isoroof Colonial,GFSUP30,Gotero Superior 30mm Prep.,30,3.03,unit,3.03,,GOTERO FRONTAL PREPINTADO,23.51,,28.212,34.41864,,,,32.914,,,40.15508,
BROMYROS,ISOROOF,Perfileria / Terminaciones,Isoroof Colonial,GFSUP40,Gotero Superior 40mm Prep.,40,3.03,unit,3.03,,GOTERO FRONTAL PREPINTADO,21.3,,25.56,31.1832,,,,29.82,,,36.3804,
BROMYROS,ISOROOF,Perfileria / Terminaciones,Isoroof Colonial,GFSUP50,Gotero Superior 50mm Prep.,50,3.03,unit,3.03,,GOTERO FRONTAL PREPINTADO,24.23,,29.076,35.47272,,,,33.922,,,41.38484,
BROMYROS,ISOROOF,Perfileria / Terminaciones,Isoroof Colonial,GFSUP80,Gotero Superior 80mm Prep.,80,3.03,unit,3.03,,GOTERO FRONTAL PREPINTADO,25.7,,30.84,37.6248,,,,35.98,,,43.8956,
BROMYROS,ISOROOF,Perfileria / Terminaciones,Isoroof Colonial,GFCGR30,Gotero frontal con greca  1 x panel  30 - 40 - 50 - 80 - 100 mm,30,3.03,unit,3.03,,GOTERO FRONTAL PREPINTADO,13.84,,17.992,21.95024,,,,19.376,,,23.63872,
BROMYROS,ISODEC,Perfileria / Terminaciones,Isoroof Colonial,GSDECAM50,Gotero Superior  -  DE CAMARA  50mm,50,3.03,unit,3.03,,GOTERO FRONTAL PREPINTADO,22.77,,27.324,33.33528,,,,31.878,,,38.89116,
BROMYROS,ISODEC,Perfileria / Terminaciones,Isoroof Colonial,GSDECAM80,Gotero Superior  -  DE CAMARA  80mm,80,3.03,unit,3.03,,GOTERO FRONTAL PREPINTADO,24.95,,29.94,36.5268,,,,34.93,,,42.6146,
BROMYROS,ISOROOF,Perfileria / Terminaciones,Isoroof Colonial,GL30,Gotero Lateral 30mm  Prep.,30,3,unit,3,,GOTERO LATERAL PREPINTADO,18.19,,21.828,26.63016,,,,25.466,,,31.06852,
BROMYROS,ISOROOF,Perfileria / Terminaciones,Isoroof Colonial,GL40,Gotero Lateral 40mm  Prep.,40,3,unit,3,,GOTERO LATERAL PREPINTADO,18.9,,22.68,27.6696,,,,26.46,,,32.2812,
BROMYROS,ISOROOF,Perfileria / Terminaciones,Isoroof Colonial,GL50,Gotero Lateral 50mm  Prep.,50,3,unit,3,,GOTERO LATERAL PREPINTADO,19.64,,23.568,28.75296,,,,27.496,,,33.54512,
BROMYROS,ISOROOF,Perfileria / Terminaciones,Isoroof Colonial,GL80,Gotero Lateral 80mm  Prep.,80,3,unit,3,,GOTERO LATERAL PREPINTADO,21.09,,25.308,30.87576,,,,29.526,,,36.02172,
BROMYROS,ISOROOF,Perfileria / Terminaciones,Isoroof Colonial,GLDCAM50,Gotero Lateral   CAMARA  50mm  Prep.,50,3,unit,3,,GOTERO LATERAL PREPINTADO,18.6,,22.32,27.2304,,,,26.04,,,31.7688,
BROMYROS,ISOROOF,Perfileria / Terminaciones,Isoroof Colonial,GLDCAM80,Gotero Lateral  CAMARA  80mm  Prep.,80,3,unit,3,,GOTERO LATERAL PREPINTADO,20.92,,25.104,30.62688,,,,29.288,,,35.73136,
BROMYROS,ISOROOF,Perfileria / Terminaciones,Isoroof Colonial,BBAS3G,Babeta de Atornillar Superior 3G,Estandar,3.03,unit,3.03,,BABETAS PREPINTADOS,19.78,,23.736,28.95792,,,,27.692,,,33.78424,
BROMYROS,ISOROOF,Perfileria / Terminaciones,Isoroof Colonial,BBESUP,Babeta de Empotrar Superior 3G,Estandar,3.03,unit,3.03,,BABETAS PREPINTADOS,19.06,,22.872,27.90384,,,,26.684,,,32.55448,
BROMYROS,ISOROOF,Perfileria / Terminaciones,Isoroof Colonial,BBAL,Babeta de Atornillar Lateral,Estandar,3,unit,3.03,,BABETAS PREPINTADOS,12,,14.4,17.568,,,,16.8,,,20.496,
BROMYROS,ISOROOF,Perfileria / Terminaciones,Isoroof Colonial,CD30,"Canalón Doble roof 30mm / base 150mm + tapas + agujero + bajada / 3,03 m",30,3.03,unit,3.03,,CANALÓN PREPINTADO,59.86,,71.832,87.63504,,,,83.804,,,102.24088,
BROMYROS,ISOROOF,Perfileria / Terminaciones,Isoroof Colonial,CD50,"Canalón Doble roof 50mm / base 150mm + tapas + agujero + bajada / 3,03 m",50,3.03,unit,3.03,,CANALÓN PREPINTADO,60.99,,73.188,89.28936,,,,85.386,,,104.17092,
BROMYROS,ISOROOF,Perfileria / Terminaciones,Isoroof Colonial,CD80,"Canalón Doble roof 80mm / base 150mm + tapas + agujero + bajada / 3,03 m",80,3.03,unit,3.03,,CANALÓN PREPINTADO,61.85,,74.22,90.5484,,,,86.59,,,105.6398,
BROMYROS,ISOROOF,Perfileria / Terminaciones,Isoroof Colonial,SOPCAN3M,Soporte para Canalón Isoroof (3m),Estandar,3,unit,,,CANALÓN PREPINTADO,10.93,,13.116,16.00152,,,,15.302,,,18.66844,
BROMYROS,ISOROOF,Perfileria / Terminaciones,Isoroof Colonial,CUMROOF3M,Cumbrera Roof 3G de 3 m,Estandar,3,unit,,,CUMBRERAS PREPINTADO,29.35,,35.22,42.9684,,,,41.09,,,50.1298,
BROMYROS,ISOWALL,Panel,Isoroof Colonial,IW50,Isowall 50 mm PIR - GRIS / Blanco,50,on demand ,m2,2.6 / 14,,PIR,38.954135,,46.744962,57.02885364,,,,46.744962,,,57.02885364,
BROMYROS,ISOWALL,Panel,Isoroof Colonial,IW80,Isowall 80 mm,80,on demand ,m2,2.6 / 14,,PIR,46.4509,,53.418535,65.1706127,,,,53.418535,,,65.1706127,
BROMYROS,ISOWALL,Panel,Isoroof Colonial,IW100,Isowall 100 mm,100,on demand ,m2,2.6 / 14,,PIR,51.22,,58.903,71.86166,,,,58.903,,,71.86166,
BROMYROS,ISOFRIG,Panel,Isoroof Colonial,IF40 ,IsoFrig 40 mm,40,on demand ,m2,2.3 / 14,,PIR,36.274805,,43.529766,53.10631452,,,,43.529766,,,53.10631452,
BROMYROS,ISOFRIG,Panel,Isoroof Colonial,IF60 - IFSL60,IsoFrig - Sala Limpia 60 mm,60,on demand ,m2,2.3 / 14,,PIR,41.218065,,47.40077475,57.8289452,,,,47.40077475,,,57.8289452,
BROMYROS,ISOFRIG,Panel,Isoroof Colonial,IF80 - IFSL80,IsoFrig - Sala Limpia 80 mm,80,on demand ,m2,2.3 / 14,,PIR,45.47189,,52.2926735,63.79706167,,,,52.2926735,,,63.79706167,
BROMYROS,ISOFRIG,Panel,Isoroof Colonial,IF100 - IFSL100,IsoFrig - Sala Limpia 100 mm,100,on demand ,m2,2.3 / 14,,PIR,50.439845,,58.00582175,70.76710254,,,,58.00582175,,,70.76710254,
BROMYROS,ISOFRIG,Panel,Isoroof Colonial,IF150 - IFSL150,IsoFrig - Sala Limpia 150 mm,150,on demand ,m2,2.3 / 14,,PIR,61.188125,,70.36634375,85.84693938,,,,70.36634375,,,85.84693938,
BROMYROS,ISOPANEL,Panel,Isoroof Colonial,ISD50EPS,ISOPANEL EPS 50 mm,50,on demand ,m2,2.3 / 14,,EPS,29.84748,,34.324602,41.87601444,,,,34.324602,,,41.87601444,
BROMYROS,ISOPANEL,Panel,Isoroof Colonial,ISD100EPS,ISOPANEL EPS 100 mm,100,on demand ,m2,2.3 / 14,,EPS,32.834295,,37.75943925,46.06651589,,,,37.75943925,,,46.06651589,
BROMYROS,ISOPANEL,Panel,Isoroof Colonial,ISD150EPS,ISOPANEL EPS 150 mm,150,on demand ,m2,2.3 / 14,,EPS,36.93729,,42.4778835,51.82301787,,,,42.4778835,,,51.82301787,
BROMYROS,ISOPANEL,Panel,Isoroof Colonial,ISD200EPS,ISOPANEL EPS 200 mm,200,on demand ,m2,2.3 / 14,,EPS,41.42268,,47.636082,58.11602004,,,,47.636082,,,58.11602004,
BROMYROS,ISOPANEL,Panel,Isoroof Colonial,ISD250EPS,ISOPANEL EPS 250mm,250,on demand ,m2,2.3 / 14,,EPS,45.525675,,52.35452625,63.87252203,,,,52.35452625,,,63.87252203,
BROMYROS,ISOFRIG,Perfileria / Terminaciones,Isoroof Colonial,PU50MM,Perfil Ch. Blanco U 40 mm x 35 mm ISOFRIG / 3 m,40,3,unit,3,,PIR,9.45,,11.34,13.8348,,,,13.23,,,16.1406,
BROMYROS,ISOPANEL EPS & PIR / ISOFRIG / ISOWALL,Perfileria / Terminaciones,Isoroof Colonial,PU100MM,Perfil Ch. Blanco U 100 mm x 35 mm / 3 m,100,3,unit,3,,EPS ,10.35,,12.42,15.1524,,,,14.49,,,17.6778,
BROMYROS,ISOPANEL,Perfileria / Terminaciones,Isoroof Colonial,PU150MM,Perfil Ch. Blanco U 150 mm x 35 mm / 3 m,150,3,unit,3,,EPS ,11.64,,13.968,17.04096,,,,16.296,,,19.88112,
BROMYROS,ISOPANEL,Perfileria / Terminaciones,Isoroof Colonial,PU200MM,Perfil Ch. Blanco U 200 mm x 35 mm / 3 m,200,3,unit,3,,EPS ,14.52,,17.424,21.25728,,,,20.328,,,24.80016,
BROMYROS,ISOPANEL,Perfileria / Terminaciones,Isoroof Colonial,PU250MM,Perfil Ch. Blanco U 250 mm x 35 mm / 3 m,250,3,unit,3,,EPS ,17.45,,20.94,25.5468,,,,24.43,,,29.8046,
BROMYROS,ISOPANEL / ISODEC,Perfileria / Terminaciones,Isoroof Colonial,PLEGU148,Plegado Galv. Tipo U 148 mm / 2 m de largo,Estandar,2,unit,2,,Estandar ,23.72,,28.464,34.72608,,,,33.208,,,40.51376,
BROMYROS,ISOPANEL / ISODEC,Perfileria / Terminaciones,Isoroof Colonial,PLECHU98,Plegado Galv. Tipo U 98 mm / 2 m de largo,Estandar,2,unit,2,,Estandar ,18.17,,21.804,26.60088,,,,25.438,,,31.03436,
BROMYROS,ISODEC,PANEL PIR,Isoroof Colonial,ISD50PIR,ISODEC 50mm PIR (EVITAR ESTE ESPESOR),Estandar,on demand ,m2,3.5 / 14,,PIR,36.36567375,,41.82052481,51.02104027,,,,41.82052481,,,51.02104027,
BROMYROS,ISODEC,PANEL PIR,Isoroof Colonial,ISD80PIR,ISODEC 80mm PIR,80,on demand ,m2,3.5 / 14,,PIR,37.17,,42.7455,52.14951,,,,42.7455,,,52.14951,
BROMYROS,ISODEC,Perfileria / Gotero Frontal,Isoroof Colonial,GF80DC,"Perf. Ch. Gotero Frontal 50mm - ISODEC PIR  - (3,03m)",50,3.03,unit,3.03,,PIR ,16.64007345,,19.96808814,24.36106753,,,,23.29610283,,,28.42124545,
BROMYROS,ISODEC,Perfileria / Gotero Frontal,Isoroof Colonial,GF120DC,"Perf. Ch. Gotero Frontal 80mm - ISODEC PIR  - (3,03m)",80,3.03,unit,3.03,,PIR,17.38887676,,20.86665211,25.45731557,,,,24.34442746,,,29.7002015,
BROMYROS,ISODEC,Perfileria / Gotero Frontal,Isoroof Colonial,6838,"Perf. Ch. Gotero Frontal 100mm - (3,03m)",100,3.03,unit,3.03,,EPS/PIR,13.06,,15.672,19.11984,,,,18.284,,,22.30648,
BROMYROS,ISODEC,Perfileria / Gotero Frontal,Isoroof Colonial,6839,"Perf. Ch. Gotero Frontal 150mm - (3,03m)",150,3.03,unit,3.03,,EPS ,18.87,,22.644,27.62568,,,,26.418,,,32.22996,
BROMYROS,ISODEC,Perfileria / Gotero Frontal,Isoroof Colonial,6840,"Perf. Ch. Gotero Frontal 200mm - (3,03m)",200,3.03,unit,3.03,,EPS ,19.64,,23.568,28.75296,,,,27.496,,,33.54512,
BROMYROS,ISODEC,Perfileria / Gotero Frontal,Isoroof Colonial,6841,"Perf. Ch. Gotero Frontal 250mm - (3,03m)",250,3.03,unit,3.03,,EPS ,19.83,,23.796,29.03112,,,,27.762,,,33.86964,
BROMYROS,ISODEC,Perfileria / Terminaciones,Isoroof Colonial,GL80DC,Perf. Ch. Gotero Lateral 50mm - ISODEC PIR  - (3m),50,3,unit,3,,PIR ,22.0883754,,26.50605048,32.33738159,,,,30.92372556,,,37.72694518,
BROMYROS,ISODEC,Perfileria / Terminaciones,Isoroof Colonial,6842,Perf. Ch. Gotero Lateral 100mm - (3m),100,3,unit,3,,EPS ,17.31,,20.772,25.34184,,,,24.234,,,29.56548,
BROMYROS,ISODEC,Perfileria / Terminaciones,Isoroof Colonial,GL120DC,Perf. Ch. Gotero Lateral 120mm - ISODEC PIR  - (3m),120,3,unit,3,,PIR ,25.9009569,,31.08114828,37.9190009,,,,36.26133966,,,44.23883439,
BROMYROS,ISODEC,Perfileria / Terminaciones,Isoroof Colonial,6843,Perf. Ch. Gotero Lateral 150mm - (3m),150,3,unit,3,,EPS ,24.22,,29.064,35.45808,,,,33.908,,,41.36776,
BROMYROS,ISODEC,Perfileria / Terminaciones,Isoroof Colonial,6844,Perf. Ch. Gotero Lateral 200mm - (3m),200,3,unit,3,,EPS ,26.46,,31.752,38.73744,,,,37.044,,,45.19368,
BROMYROS,ISODEC,Perfileria / Terminaciones,Isoroof Colonial,6845,Perf. Ch. Gotero Lateral 250mm - (3m),250,3,unit,3,,EPS ,26.62,,31.944,38.97168,,,,37.268,,,45.46696,
BROMYROS,ISODEC,Perfileria / Terminaciones,Isoroof Colonial,6847,Perfil Cumbrera,Estandar,3.03,unit,3.03,,PIR / EPS ,19.64,,23.568,28.75296,,,,27.496,,,33.54512,
BROMYROS,ISODEC,Perfileria / Terminaciones,Isoroof Colonial,6828,Babeta ISODEC de Adosar,Estandar,3,unit,3,,PIR / EPS ,10.16,,12.192,14.87424,,,,14.224,,,17.35328,
BROMYROS,ISODEC,Perfileria / Terminaciones,Isoroof Colonial,6865,Babeta ISODEC de empotrar,Estandar,3,unit,3,,PIR / EPS ,10.16,,12.192,14.87424,,,,14.224,,,17.35328,
BROMYROS,ISODEC,Perfileria / Terminaciones,Isoroof Colonial,6825,Vaina ISODEC Sist 2000,Estandar,3,unit,3,,PIR / EPS ,7.56,,9.072,11.06784,,,,10.584,,,12.91248,
BROMYROS,ISODEC,Perfileria / Terminaciones,Isoroof Colonial,CAN.ISDC120,Canalón Isodec 50mm ISODEC PIR,50,3.03,unit,3.03,,PIR,77.71516935,,93.25820322,113.7750079,,,,108.8012371,,,132.7375092,
BROMYROS,ISODEC,Perfileria / Terminaciones,Isoroof Colonial,6801,Canalón Estandar 100 mm,100,3.03,unit,3.03,,EPS,57.95,,69.54,84.8388,,,,81.13,,,98.9786,
BROMYROS,ISODEC,Perfileria / Terminaciones,Isoroof Colonial,6802,Canalón Estandar 150 mm,150,3.03,unit,3.03,,EPS,66.71,,80.052,97.66344,,,,93.394,,,113.94068,
BROMYROS,ISODEC,Perfileria / Terminaciones,Isoroof Colonial,6803,Canalón Estandar 200 mm,200,3.03,unit,3.03,,EPS,66.44,,79.728,97.26816,,,,93.016,,,113.47952,
BROMYROS,ISODEC,Perfileria / Terminaciones,Isoroof Colonial,6804,Canalón Estandar 250 mm,250,3.03,unit,3.03,,EPS,86.92,,104.304,127.25088,,,,121.688,,,148.45936,
BROMYROS,ISODEC,Perfileria / Terminaciones,Isoroof Colonial,6805,Soporte de Canalón de 3 m,Estandar,3,unit,3,,PIR / EPS ,13.28,,15.936,19.44192,,,,18.592,,,22.68224,
,,,,PHB30,"PUR HiansaPanel 30mm 5G : 2,95 - 3,95 - 4,95 - 5,95 - 6,95 - 7,95  - 11,90  m / Gris Pizarra / Rojo Teja",Estandar,,N/A,,,,,33.42,,38.29932,0.146,4.87932,46.7251704,,46.788,57.08136,,
,,,,PHIANB295,"Hianza Panel de Becam 30 mm 5G - de 2,95 m de largo",Estandar,,N/A,,,,,98.59,,113.3785,0.15,14.7885,138.32177,,138.026,168.39172,,
,,,,PHIANB395,"Hianza Panel de Becam 30 mm 5G - de 3,95 m de largo",Estandar,,N/A,,,,,132.01,,151.8115,0.15,19.8015,185.21003,,184.814,225.47308,,
,,,,PHIANB495,"Hianza Panel de Becam 30 mm 5G - de 4,95 m de largo",Estandar,,N/A,,,,,165.43,,190.2445,0.15,24.8145,232.09829,,231.602,282.55444,,
,,,,PHIANB595,"Hianza Panel de Becam 30 mm 5G - de 5,95 m de largo",Estandar,,N/A,,,,,198.85,,228.6775,0.15,29.8275,278.98655,,278.39,339.6358,,
,,,,PHIANB695,"Hianza Panel de Becam 30 mm 5G - de 6,95 m de largo",Estandar,,N/A,,,,,232.27,,267.1105,0.15,34.8405,325.87481,,325.178,396.71716,,
,,,,PHIANB795,"Hianza Panel de Becam 30 mm 5G - de 7,95 m de largo",Estandar,,N/A,,,,,265.69,,305.5435,0.15,39.8535,372.76307,,371.966,453.79852,,
,,,,PHIANB1190,"Hianza Panel de Becam 30 mm 5G - de 11,90 m de largo",Estandar,,N/A,,,,,397.7,,457.355,0.15,59.655,557.9731,,556.78,679.2716,,
,,,,FR30P,Frontalín Prep. Gris Pizarra / Rojo Teja,Estandar,,N/A,,,,,12.57142857,,13.86,0.1025,1.288571429,16.9092,,17.6,21.472,,
,,,,LD30P,Perfil Lateral Derecho Prep. Gris Pizarra / Rojo Teja,Estandar,,N/A,,,,,18.22222222,,20.09,0.1025,1.867777778,24.5098,,25.51111111,31.12355556,,
,,,,LI30P,Perfil Lateral Izquierdo Prep. Gris Pizarra / Rojo Teja,Estandar,,N/A,,,,,18.22222222,,20.09,0.1025,1.867777778,24.5098,,25.51111111,31.12355556,,
,,,,CLCP5G,Cumbrera Lisa c. Cresta Prep. 5G   *Gris Pizarra / Rojo Teja,Estandar,,N/A,,,,,13.37868481,,14.75,0.1025,1.371315193,17.995,,18.73015873,22.85079365,,
,,,,ARATRAP,Arandela Trapezoidal - Todos los paneles - Unidad -  Gris. Terracota,Estandar,,N/A,,,,,0.8072562358,,0.89,0.1025,0.08274376417,1.0858,,1.13015873,1.378793651,,
,,,,Actualizado,Producto,Estandar,,N/A,,,,,,,,,,,,,,,
,,,,CHALC33,Chapas Aluzinc Cal. 33 - BC18 - BC30 - BC35 / Esp. 0.23 mm,Estandar,,N/A,,,,,4.154195011,,4.58,,0.4258049887,5.5876,,5.815873016,7.095365079,,
,,,,CHALC31,Chapas Aluzinc Cal. 31 - BC18 - BC30 - BC35 / Esp. 0.31 mm,Estandar,,N/A,,,,,6.829931973,,7.53,,0.7000680272,9.1866,,9.561904762,11.66552381,,
,,,,CHALC26,Chapas Aluzinc Cal. 26 - BC18 - BC30 - BC35 / Esp. 0.41 mm,Estandar,,N/A,,,,,8.571428571,,9.45,,0.8785714286,11.529,,12.0,14.64,,
,,,,CHALC24,Chapas Aluzinc Cal. 24 - BC18 - BC30 - BC35 / Esp. 0.50 mm,Estandar,,N/A,,,,,10.50340136,,11.58,,1.076598639,14.1276,,14.7047619,17.93980952,,
,,,,CHALC22,Chapas Aluzinc Cal. 22 - BC18 - BC30 - BC35 / Esp. 0.70 mm,Estandar,,N/A,,,,,16.84353741,,18.57,,1.726462585,22.6554,,23.58095238,28.7687619,,
,,,,CHPPC26,Chapas Prepintada Cal. 26 - BC18 - BC30 - BC35 / Esp. 0.41 mm / Azul / Gris Piz. / Terracota / Verde,Estandar,,N/A,,,,,11.09297052,,12.23,,1.137029478,14.9206,,15.53015873,18.94679365,,
,,,,CHPPC24,Chapas Prepintada Cal. 24 - BC18 - BC30 - BC35 / Esp. 0.50 mm / Blanco / Gris Piz. / Terracota / Negro,Estandar,,N/A,,,,,14.4399093,,15.92,,1.480090703,19.4224,,20.21587302,24.66336508,,
,,,,CHTJPPC26,Chapateja Prepintada Cal. 26  / Esp. 0.41 mm,Estandar,,N/A,,,,,11.09297052,,12.23,,1.137029478,14.9206,,15.53015873,18.94679365,,
,,,,CHTJPPC27,Chapateja Prepintada Cal. 27  / Esp. 0.41 mm,Estandar,,N/A,,,,,10.1,,12.33,,2.23,15.0426,,14.14,17.2508,,
,,,,CHTJPPC24,Chapateja Prepintada Cal. 24 / Esp. 0.50 mm,Estandar,,N/A,,,,,14.4399093,,15.92,,1.480090703,19.4224,,20.21587302,24.66336508,,
,,,,CHAPALC26,Autoportante Aluzinc BC-120 Cal. 26  / Esp. 0.41 mm,Estandar,,N/A,,,,,8.571428571,,9.45,,0.8785714286,11.529,,12.0,14.64,,
,,,,CHAPALC24,Autoportante Aluzinc BC-120 Cal. 24 / Esp. 0.50 mm,Estandar,,N/A,,,,,10.50340136,,11.58,,1.076598639,14.1276,,14.7047619,17.93980952,,
,,,,CHAPALC22,Autoportante Aluzinc BC-120 Cal. 22 / Esp. 0.70 mm,Estandar,,N/A,,,,,16.84353741,,18.57,,1.726462585,22.6554,,23.58095238,28.7687619,,
,,,,CHAPGLC20,Autoportante Galvanizado BC-120 Cal. 20 / Esp. 0.89 mm,Estandar,,N/A,,,,,20.55328798,,22.66,,2.106712018,27.6452,,28.77460317,35.10501587,,
,,,,CHAPGLC19,Autoportante Galvanizado BC-120 Cal. 19 / Esp. 1.11 mm,Estandar,,N/A,,,,,25.15192744,,27.73,,2.578072562,33.8306,,35.21269841,42.95949206,,
,,,,CHAPPC26,Autoportante Prepintada Cal. 26  / Esp. 0.41 mm,Estandar,,N/A,,,,,11.09297052,,12.23,,1.137029478,14.9206,,15.53015873,18.94679365,,
,,,,CHAPPC24,Autoportante Prepintada Cal. 24 / Esp. 0.50 mm,Estandar,,N/A,,,,,14.4399093,,15.92,,1.480090703,19.4224,,20.21587302,24.66336508,,
,,,,CHLIC33,Chapa Lisa Aluzinc Cal. 33 / Esp. 0.23mm,Estandar,,N/A,,,,,4.154195011,,4.58,,0.4258049887,5.5876,,5.815873016,7.095365079,,
,,,,CHLIC31,Chapa Lisa Aluzinc Cal. 31 / Esp. 0.31 mm,Estandar,,N/A,,,,,6.829931973,,7.53,,0.7000680272,9.1866,,9.561904762,11.66552381,,
,,,,CHLIC26,Chapa Lisa Aluzinc Cal. 26 / Esp. 0.41 mm,Estandar,,N/A,,,,,8.571428571,,9.45,,0.8785714286,11.529,,12.0,14.64,,
,,,,CHLIC24,Chapa Lisa Aluzinc Cal. 24 / Esp. 0.50 mm,Estandar,,N/A,,,,,10.50340136,,11.58,,1.076598639,14.1276,,14.7047619,17.93980952,,
,,,,CHLIC22,Chapa Lisa Aluzinc Cal. 22 / Esp. 0.70 mm,Estandar,,N/A,,,,,16.84353741,,18.57,,1.726462585,22.6554,,23.58095238,28.7687619,,
,,,,CHLIGC20,Chapa Lisa Galvanizada Cal. 20 / Esp. 0.89 mm / Ancho útil 1.22 m,Estandar,,N/A,,,,,20.55328798,,22.66,,2.106712018,27.6452,,28.77460317,35.10501587,,
,,,,CHLIGC19,Chapa Lisa Galvanizada Cal. 19 / Esp. 1.11 mm / Ancho útil 1.20 m,Estandar,,N/A,,,,,25.15192744,,27.73,,2.578072562,33.8306,,35.21269841,42.95949206,,
,,,,CHLIGC11,Chapa Lisa Galvanizada Cal. 11 / Esp. 3.00 mm (chapas 1x4 m)  solo chapa de 1 x 4m,Estandar,,N/A,,,,,223.1111111,,245.98,,22.86888889,300.0956,,312.3555556,381.0737778,,
,,,,CHLIPPC26,Chapa Lisa Prepintada Cal. 26 / Esp. 0.41 mm,Estandar,,N/A,,,,,11.09297052,,12.23,,1.137029478,14.9206,,15.53015873,18.94679365,,
,,,,CHLIPPC24,Chapa Lisa Prepintada Cal. 24 / Esp. 0.50 mm,Estandar,,N/A,,,,,14.4399093,,15.92,,1.480090703,19.4224,,20.21587302,24.66336508,,
,,,,CHLIC21,"Chapa BC-700  GALVANIZADA Cal. 21  esp. 0,89mm // 0,7m ancho",Estandar,,N/A,,,,,16.07256236,,17.72,,1.647437642,21.6184,,22.5015873,27.45193651,,
,,,,CHLIC19,"Chapa BC-800  Aluzinc Cal. 19 esp. 0,7mm // 0,8m ancho",Estandar,,N/A,,,,,24.09070295,,26.56,,2.469297052,32.4032,,33.72698413,41.14692063,,
,,,,CHLIC18,"Chapa BC-800  Aluzinc Cal. 18  esp. 0,7mm // 0,8m ancho",Estandar,,N/A,,,,,27.138322,,29.92,,2.781678005,36.5024,,37.99365079,46.35225397,,
,,,,CHLIC16,"Chapa BC-800  Aluzinc Cal. 16 esp. 0,7mm // 0,8m ancho",Estandar,,N/A,,,,,36.03628118,,39.73,,3.693718821,48.4706,,50.45079365,61.54996825,,
,,,,CUMLAMA,Cumbreras Lisa a Medida Aluzinc BC-18/30/35-Teja/Panel,Estandar,,N/A,,,,,7.328798186,,8.08,,0.7512018141,9.8576,,10.26031746,12.5175873,,
,,,,CUMLAMPP,Cumbreras Lisa a Medida Prepintada BC-18/30/35-Teja/Panel,Estandar,,N/A,,,,,8.988662132,,9.91,,0.9213378685,12.0902,,12.58412698,15.35263492,,
,,,,CUMLSA,Cumbreras Lisa De Stock Aluzinc BC-18/30/35-Teja/Panel     3m,Estandar,,N/A,,,,,14.28571429,,15.75,,1.464285714,19.215,,20.0,24.4,,
,,,,CUPAL1835,Cumbrera Perfilada Aluzinc BC18/BC35 *,Estandar,,N/A,,,,,9.097505669,,10.03,,0.9324943311,12.2366,,12.73650794,15.53853968,,
,,,,CUPP1835,Cumbrera Perfilada Prepintada BC18/BC35 *,Estandar,,N/A,,,,,9.868480726,,10.88,,1.011519274,13.2736,,13.81587302,16.85536508,,
,,,,CULICAL,Cumbrera Lisa con Cresta Aluzinc BC-18/30/35-Teja/Panel *,Estandar,,N/A,,,,,11.04761905,,12.18,,1.132380952,14.8596,,15.46666667,18.86933333,,
,,,,CULICPP,Cumbrera Lisa con Cresta Prepintada BC-18/30/35-Teja/Panel *,Estandar,,N/A,,,,,12.18,,14.75,,2.57,17.995,,17.052,20.80344,,
,,,,CULICAL120,Cumbrera Lisa con Cresta Aluzinc BC-120 *,Estandar,,N/A,,,,,12.38095238,,13.65,,1.269047619,16.653,,17.33333333,21.14666667,,
,,,,CULICPP120,Cumbrera Lisa con Cresta Prepintada BC-120 *,Estandar,,N/A,,,,,16.97052154,,18.71,,1.739478458,22.8262,,23.75873016,28.98565079,,
,,,,BBLM31AL,Babeta Lisa a Medida 0.31 mm BC-18/30/35-Teja/Panel - Aluzinc,Estandar,,N/A,,,,,3.646258503,,4.02,,0.3737414966,4.9044,,5.104761905,6.227809524,,
,,,,BBLM26AL,Babeta Lisa a Medida 0.41 mm BC-18/30/35/120 -Teja/Panel - Aluzinc,Estandar,,N/A,,,,,4.734693878,,5.22,,0.4853061224,6.3684,,6.628571429,8.086857143,,
,,,,BBLM41PP,Babeta Lisa a Medida 0.41 mm BC-18/30/35/120 -Teja/Panel - Prepintada,Estandar,,N/A,,,,,5.25170068,,5.79,,0.5382993197,7.0638,,7.352380952,8.969904762,,
,,,,BBLDSAL,Babeta Lisa de Stock BC-18/30/35-Teja/Panel - Aluzinc,Estandar,,N/A,,,,,3.092970522,,3.41,,0.3170294785,4.1602,,4.33015873,5.282793651,,
,,,,BBLDSPP,Babeta Lisa de Stock BC-18/30/35-Teja/Panel - Prepintada,Estandar,,N/A,,,,,4.002721088,,4.413,,0.4102789116,5.38386,,5.603809524,6.836647619,,
,,,,BBLCCAL,Babeta Lisa con Cresta BC-18/30/35/120 -Teja/Panel - Aluzinc *,Estandar,,N/A,,,,,7.854875283,,8.66,,0.8051247166,10.5652,,10.9968254,13.41612698,,
,,,,BBLCCPP,Babeta Lisa con Cresta BC-18/30/35/120 -Teja/Panel - Prepintada *,Estandar,,N/A,,,,,9.278911565,,10.23,,0.9510884354,12.4806,,12.99047619,15.84838095,,
,,,,BBP700AL,Perfilada (apoyo superior) BC-700 Unidad - Aluzinc,Estandar,,N/A,,,,,7.129251701,,7.86,,0.7307482993,9.5892,,9.980952381,12.1767619,,
,,,,BBP800AL,Perfilada (apoyo superior) BC-800 Unidad - Aluzinc,Estandar,,N/A,,,,,11.69160998,,12.89,,1.198390023,15.7258,,16.36825397,19.96926984,,
,,,,CANAM31AL,Canalon a medida 0.31 mm BC-18/30/35-Teja/Panel - Aluzinc,Estandar,,N/A,,,,,4.83446712,,5.33,,0.4955328798,6.5026,,6.768253968,8.257269841,,
,,,,CANAM26AL,Canalon a medida 0.41 mm BC-18/30/35-Teja/Panel - Aluzinc,Estandar,,N/A,,,,,6.303854875,,6.95,,0.6461451247,8.479,,8.825396825,10.76698413,,
,,,,CANAM26PP,Canalon a medida 0.41 mm BC-18/30/35-Teja/Panel - Prepintado / ml,Estandar,,N/A,,,,,9.070294785,,10.0,,0.9297052154,12.2,,12.6984127,15.49206349,,
,,,,TACANAL,Tapa de Canalon - Todas las chapas - Aluzinc,Estandar,,N/A,,,,,3.129251701,,3.45,,0.3207482993,4.209,,4.380952381,5.344761905,,
,,,,TACANPP,Tapa de Canalon - Todas las chapas - Prepintado,Estandar,,N/A,,,,,3.891156463,,4.29,,0.3988435374,5.2338,,5.447619048,6.646095238,,
,,,,CONBPVC,Conexión de Bajada PVC - Todas las chapas,Estandar,,N/A,,,,,10.96598639,,12.09,,1.124013605,14.7498,,15.35238095,18.72990476,,
,,,,SCANAL,Soporte de Canalón - Todas las chapas - Aluzinc,Estandar,,N/A,,,,,2.367346939,,2.61,,0.2426530612,3.1842,,3.314285714,4.043428571,,
,,,,SCANPP,Soporte de Canalón - Todas las chapas - Prepintado,Estandar,,N/A,,,,,2.403628118,,2.65,,0.2463718821,3.233,,3.365079365,4.105396825,,
,,,,REJCAN1M,Rejilla de Canalón - 1 m de largo,Estandar,,N/A,,,,,5.614512472,,6.19,,0.5754875283,7.5518,,7.86031746,9.589587302,,
,,,,CABC18,Caballete BC-18 - Unidad,Estandar,,N/A,,,,,0.1723356009,,0.19,,0.01766439909,0.2318,,0.2412698413,0.2943492063,,
,,,,CABC35,Caballete BC-35 - Unidad,Estandar,,N/A,,,,,0.20861678,,0.23,,0.02138321995,0.2806,,0.2920634921,0.3563174603,,
,,,,CABDBC700,Caballete Art. Doble BC-700 - Unidad,Estandar,,N/A,,,,,8.063492063,,8.89,,0.8265079365,10.8458,,11.28888889,13.77244444,,
,,,,CABDBC800,Caballete Art. Doble BC-800 - Unidad,Estandar,,N/A,,,,,10.53968254,,11.62,,1.08031746,14.1764,,14.75555556,18.00177778,,
,,,,CABTBC801,Caballete Art. Triple BC-800 - Unidad,Estandar,,N/A,,,,,15.38321995,,16.96,,1.576780045,20.6912,,21.53650794,26.27453968,,
,,,,CABSCU,Caballete sin cargo - Unidad,Estandar,,N/A,,,,,0.0,,0.0,,0.0,0.0,,0.0,0.0,,
,,,,COMAY700,Cerramiento de onda mayor BC-700 - Unidad,Estandar,,N/A,,,,,6.367346939,,7.02,,0.6526530612,8.5644,,8.914285714,10.87542857,,
,,,,COMEN700,Cerramiento de onda menor BC-700 - Unidad,Estandar,,N/A,,,,,3.047619048,,3.36,,0.3123809524,4.0992,,4.266666667,5.205333333,,
,,,,COMAY800,Cerramiento de onda mayor BC-800 - Unidad,Estandar,,N/A,,,,,8.099773243,,8.93,,0.8302267574,10.8946,,11.33968254,13.8344127,,
,,,,COMEN800,Cerramiento de onda menor BC-800 - Unidad,Estandar,,N/A,,,,,3.664399093,,4.04,,0.375600907,4.9288,,5.13015873,6.258793651,,
,,,,CESC120U,Cerramiento sin cargo BC-120 - Unidad,Estandar,,N/A,,,,,0.0,,0.0,,0.0,0.0,,0.0,0.0,,
,,,,VINBORBC120,Vinculador de Borde BC-120 - Unidad,Estandar,,N/A,,,,,3.873015873,,4.27,,0.396984127,5.2094,,5.422222222,6.615111111,,
,,,,VINFDVBC120,Vinculador de Fibra de Vidrio  BC-120 - Unidad,Estandar,,N/A,,,,,16.6893424,,18.4,,1.710657596,22.448,,23.36507937,28.50539683,,
,,,,VINRIGBC120,Vinculador de Rigides  BC-120 - Unidad,Estandar,,N/A,,,,,0.0,,0.0,,0.0,0.0,,0.0,0.0,,
,,,,COMP1MBC18,Compriban - L= 1.00 mt. BC-18,Estandar,,N/A,,,,,3.528344671,,3.89,,0.3616553288,4.7458,,4.93968254,6.026412698,,
,,,,COMP1MBC35,Compriban - L= 1.00 mt. BC-35,Estandar,,N/A,,,,,3.528344671,,3.89,,0.3616553288,4.7458,,4.93968254,6.026412698,,
,,,,COMP1MBC30,Compriban - L= 1.00 mt. BC-30 y Chapateja,Estandar,,N/A,,,,,3.528344671,,3.89,,0.3616553288,4.7458,,4.93968254,6.026412698,,
,,,,FROROOF,Frontalin - Panel Cubierta y Agro - Des. 0.15 cm - 2.15 m L /  Gris Pizarra -  Rojo Teja,Estandar,,N/A,,,,,12.57142857,,13.86,,1.288571429,16.9092,,17.6,21.472,,
,,,,LADERROOF,Lateral Derecha - Panel Cubierta y Agro - Des. 0.24 cm - 3 m L / Blanco. Gris. Terracota,Estandar,,N/A,,,,,18.21315193,,20.08,,1.866848073,24.4976,,25.4984127,31.10806349,,
,,,,LAIZQROOF,Lateral Izquierdo - Panel Cubierta y Agro - Des. 0.24 cm - 3 m L / Blanco. Gris. Terracota,Estandar,,N/A,,,,,18.21315193,,20.08,,1.866848073,24.4976,,25.4984127,31.10806349,,
,,,,TMOME,Tornillo para madera o metal  - Todos los paneles - Unidad - Blanco. Gris. Terracota,Estandar,,N/A,,,,,0.7256235828,,0.8,,0.07437641723,0.976,,1.015873016,1.239365079,,
,,,,CAG100U,Clavos de Acero Galv c/ capuchón - 100 u.  - Color,Estandar,,N/A,,,,,7.174603175,,7.91,,0.7353968254,9.6502,,10.04444444,12.25422222,,
,,,,CAG800U,Clavos de Acero Galv c/ capuchón - 800 u. (caja cerrada)  -  Color,Estandar,,N/A,,,,,54.65759637,,60.26,,5.602403628,73.5172,,76.52063492,93.3551746,,
,,,,TFJ65100U,"Tirafondo ""J"" 65 - 100 u.",Estandar,,N/A,,,,,36.39002268,,40.12,,3.729977324,48.9464,,50.94603175,62.15415873,,
,,,,TC100U,Tornillo de Costura - 100 u.,Estandar,,N/A,,,,,25.98639456,,28.65,,2.663605442,34.953,,36.38095238,44.3847619,,
,,,,"APERG1""100U","Autoperforantes 1/4"" x 1"" con goma -100 u.",Estandar,,N/A,,,,,20.12698413,,22.19,,2.063015873,27.0718,,28.17777778,34.37688889,,
,,,,"APERG3""100U","Autoperforantes 1/4"" x 3"" con goma -100 u.",Estandar,,N/A,,,,,39.76417234,,43.84,,4.075827664,53.4848,,55.66984127,67.91720635,,
,,,,TFJ150100U,"Tirafondo ""J"" 150 - 100 u.",Estandar,,N/A,,,,,41.2154195,,45.44,,4.224580499,55.4368,,57.7015873,70.39593651,,
,,,,VR20CM,Varilla Roscada 20 cm completa,Estandar,,N/A,,,,,0.2721088435,,0.3,,0.02789115646,0.366,,0.380952381,0.4647619048,,
,,,,VR30CM,Varilla Roscada 30 cm completa,Estandar,,N/A,,,,,0.3628117914,,0.4,,0.03718820862,0.488,,0.5079365079,0.6196825397,,
,,,,VR40CM,Varilla Roscada 40 cm completa,Estandar,,N/A,,,,,0.4263038549,,0.47,,0.04369614512,0.5734,,0.5968253968,0.7281269841,,
,,,,CPAMU,Corte de Paneles - Todos los paneles - Unidad,Estandar,,N/A,,,,,0.0,,0.0,,0.0,0.0,,0.0,0.0,,
,,,,LITE3MAL,Limatesa - 3m de Largo - BC-18/30/35-Teja - Aluzinc,Estandar,,N/A,,,,,18.82993197,,20.76,,1.930068027,25.3272,,26.36190476,32.16152381,,
,,,,LITE3MPP,Limatesa - 3m de Largo - BC-18/30/35-Teja - Prepintado,Estandar,,N/A,,,,,24.04535147,,26.51,,2.464648526,32.3422,,33.66349206,41.06946032,,
,,,,LIHO3MAL,Limahoya - 3m de Largo - BC-18/30/35-Teja - Aluzinc,Estandar,,N/A,,,,,14.34920635,,15.82,,1.470793651,19.3004,,20.08888889,24.50844444,,
,,,,LIHO3MPP,Limahoya - 3m de Largo - BC-18/30/35-Teja - Prepintado,Estandar,,N/A,,,,,18.6031746,,20.51,,1.906825397,25.0222,,26.04444444,31.77422222,,
,,,,CURVCH35U,Curvado de Chapa - BC-35 Unidad,Estandar,,N/A,,,,,3.201814059,,3.53,,0.328185941,4.3066,,4.482539683,5.468698413,,
,,,,FDVBC18AM,BC-18 / 1 m ancho útil / A medida por mt,Estandar,,N/A,,,,,16.19047619,,17.85,,1.65952381,21.777,,22.66666667,27.65333333,,
,,,,FDVBC30AM,BC-30 / 0.90 m ancho útil / A medida por mt,Estandar,,N/A,,,,,34.48526077,,38.02,,3.534739229,46.3844,,48.27936508,58.9008254,,
,,,,FDVBC35AM,BC-35 / 0.97 m ancho útil / A medida por mt,Estandar,,N/A,,,,,19.138322,,21.1,,1.961678005,25.742,,26.79365079,32.68825397,,
,,,,FDVBC120AM,BC-120 / 0.80 m ancho útil / A medida por mt,Estandar,,N/A,,,,,30.30385488,,33.41,,3.106145125,40.7602,,42.42539683,51.75898413,,
,,,,FDVBC700AM,BC-700 / 0.70 m ancho útil / A medida por mt,Estandar,,N/A,,,,,89.97732426,,99.2,,9.222675737,121.024,,125.968254,153.6812698,,
,,,,FDVBC800AM,BC-800 / 0.80 m ancho útil / A medida por mt,Estandar,,N/A,,,,,89.97732426,,99.2,,9.222675737,121.024,,125.968254,153.6812698,,
,,,,POLBC18244,BC-18 / 1 m ancho útil / de 2.44 mt de largo,Estandar,,N/A,,,,,49.32426304,,54.38,,5.055736961,66.3436,,69.05396825,84.24584127,,
,,,,POLBC18366,BC-18 / 1 m ancho útil / de 3.66 mt de largo,Estandar,,N/A,,,,,72.54421769,,79.98,,7.435782313,97.5756,,101.5619048,123.9055238,,
,,,,POLBC18457,BC-18 / 1 m ancho útil / de 4.57 mt de largo,Estandar,,N/A,,,,,90.2675737,,99.52,,9.252426304,121.4144,,126.3746032,154.1770159,,
,,,,POLBC18600,BC-18 / 1 m ancho útil / de 6 mt de largo,Estandar,,N/A,,,,,107.6553288,,118.69,,11.0346712,144.8018,,150.7174603,183.8753016,,
,,,,POLBC30250,BC-35 / 1 m ancho útil / de 2.5 mt de largo,Estandar,,N/A,,,,,46.57596372,,51.35,,4.774036281,62.647,,65.20634921,79.55174603,,
,,,,POLBC30366,BC-35 / 1 m ancho útil / de 3.66 mt de largo,Estandar,,N/A,,,,,69.69614512,,76.84,,7.143854875,93.7448,,97.57460317,119.0410159,,
,,,,POLBC30457,BC-35 / 1 m ancho útil / de 4.57 mt de largo,Estandar,,N/A,,,,,87.02947846,,95.95,,8.920521542,117.059,,121.8412698,148.6463492,,
,,,,MON3543260,Montante 35 / 0.43 mm / unidad / 2.6 mt de largo,Estandar,,N/A,,,,,2.575963719,,2.84,,0.2640362812,3.4648,,3.606349206,4.399746032,,
,,,,MON3543300,Montante 35 / 0.43 mm / unidad / 3 mt de largo,Estandar,,N/A,,,,,2.975056689,,3.28,,0.3049433107,4.0016,,4.165079365,5.081396825,,
,,,,MON7043260,Montante 70 / 0.43 mm / unidad / 2.6 mt de largo,Estandar,,N/A,,,,,3.428571429,,3.78,,0.3514285714,4.6116,,4.8,5.856,,
,,,,MON7043300,Montante 70 / 0.43 mm / unidad / 3 mt de largo,Estandar,,N/A,,,,,3.963718821,,4.37,,0.4062811791,5.3314,,5.549206349,6.770031746,,
,,,,MON7050260,Montante 35 / 0.50 mm / unidad / 2.6 mt de largo,Estandar,,N/A,,,,,2.857142857,,3.15,,0.2928571429,3.843,,4.0,4.88,,
,,,,MON7050300,Montante 35 / 0.50 mm / unidad / 3 mt de largo,Estandar,,N/A,,,,,3.292517007,,3.63,,0.3374829932,4.4286,,4.60952381,5.623619048,,
,,,,SOL3543300,Soleras 70 / 0.43 mm / unidad / 3 mt de largo,Estandar,,N/A,,,,,2.802721088,,3.09,,0.2872789116,3.7698,,3.923809524,4.787047619,,
,,,,SOL3550260,Soleras 35 / 0.50 mm / unidad / 2.6 mt de largo,Estandar,,N/A,,,,,2.684807256,,2.96,,0.2751927438,3.6112,,3.758730159,4.585650794,,
,,,,SOL3550300,Soleras 35 / 0.50 mm / unidad / 3 mt de largo,Estandar,,N/A,,,,,3.092970522,,3.41,,0.3170294785,4.1602,,4.33015873,5.282793651,,
,,,,SOL7050260,Soleras 70 / 0.50 mm / unidad / 2.6 mt de largo,Estandar,,N/A,,,,,3.546485261,,3.91,,0.3635147392,4.7702,,4.965079365,6.057396825,,
,,,,SOL7050300,Soleras 70 / 0.50 mm / unidad / 3 mt de largo,Estandar,,N/A,,,,,4.090702948,,4.51,,0.4192970522,5.5022,,5.726984127,6.986920635,,
,,,,SOL10050260,Soleras 100 / 0.50 mm / unidad / 2.6 mt de largo,Estandar,,N/A,,,,,5.360544218,,5.91,,0.5494557823,7.2102,,7.504761905,9.155809524,,
,,,,SOL10050300,Soleras 100 / 0.50 mm / unidad / 3 mt de largo,Estandar,,N/A,,,,,5.551020408,,6.12,,0.5689795918,7.4664,,7.771428571,9.481142857,,
,,,,OMG43260,Omega 10 / 0.43 mm / unidad / 2.6 mt de largo,Estandar,,N/A,,,,,2.321995465,,2.56,,0.2380045351,3.1232,,3.250793651,3.965968254,,
,,,,OMG43300,Omega 10 / 0.43 mm / unidad / 3 mt de largo,Estandar,,N/A,,,,,2.675736961,,2.95,,0.2742630385,3.599,,3.746031746,4.57015873,,
,,,,OMG50260,Omega 10 / 0.50 mm / unidad / 2.6 mt de largo,Estandar,,N/A,,,,,2.566893424,,2.83,,0.263106576,3.4526,,3.593650794,4.384253968,,
,,,,OMG50300,Omega 10/ 0.50 mm / unidad / 3 mt de largo,Estandar,,N/A,,,,,2.965986395,,3.27,,0.3040136054,3.9894,,4.152380952,5.065904762,,
,,,,OMG5030020,Omega 20 / 0.50 mm / unidad / 3 mt de largo,Estandar,,N/A,,,,,2.965986395,,3.27,,0.3040136054,3.9894,,4.152380952,5.065904762,,
,,,,MONC3543260,Correa Alma 80 / 2mm/ Unidad / 6m Largo,Estandar,,N/A,,,,,6.857142857,,7.56,,0.7028571429,9.2232,,9.6,11.712,,
,,,,MONC3543300,Correa Alma 120 / 2mm/ Unidad / 6m Largo,Estandar,,N/A,,,,,9.904761905,,10.92,,1.015238095,13.3224,,13.86666667,16.91733333,,
,,,,MONC7043260,Correa Alma 140 / 2mm/ Unidad / 6m Largo,Estandar,,N/A,,,,,11.14739229,,12.29,,1.14260771,14.9938,,15.60634921,19.03974603,,
,,,,MONC7043300,Correa Alma 160 / 2mm/ Unidad / 6m Largo,Estandar,,N/A,,,,,12.39002268,,13.66,,1.269977324,16.6652,,17.34603175,21.16215873,,
,,,,MONC3550260,Correa Alma 180 / 2mm/ Unidad / 6m Largo,Estandar,,N/A,,,,,12.39002268,,13.66,,1.269977324,16.6652,,17.34603175,21.16215873,,
,,,,MONC3550300,Correa Alma 200 / 2mm/ Unidad / 6m Largo,Estandar,,N/A,,,,,16.50793651,,18.2,,1.692063492,22.204,,23.11111111,28.19555556,,
,,,,UN-PGC2mm,Unión Perfiles C para Correas 80mm,Estandar,,N/A,,,,,3.718820862,,4.1,,0.3811791383,5.002,,5.206349206,6.351746032,,
,,,,CARE5816MM,"Redondo / 5/8"" / 6 mts / 1.6 mm",Estandar,,N/A,,,,,7.700680272,,8.49,,0.7893197279,10.3578,,10.78095238,13.1527619,,
,,,,CARE3416MM,"Redondo / 3/4"" / 6 mts / 1.6 mm",Estandar,,N/A,,,,,9.115646259,,10.05,,0.9343537415,12.261,,12.76190476,15.56952381,,
,,,,CARE116MM,"Redondo / 1"" / 6 mts / 1.6 mm",Estandar,,N/A,,,,,12.11791383,,13.36,,1.242086168,16.2992,,16.96507937,20.69739683,,
,,,,CARE11416MM,"Redondo / 1 1/4"" / 6 mts / 1.6 mm",Estandar,,N/A,,,,,15.70068027,,17.31,,1.609319728,21.1182,,21.98095238,26.8167619,,
,,,,CARE11216MM,"Redondo / 1 1/2"" / 6 mts / 1.6 mm",Estandar,,N/A,,,,,18.53968254,,20.44,,1.90031746,24.9368,,25.95555556,31.66577778,,
,,,,CARE216MM,"Redondo / 2"" / 6 mts / 1.6 mm",Estandar,,N/A,,,,,25.64172336,,28.27,,2.628276644,34.4894,,35.8984127,43.79606349,,
,,,,CARE2516MM,"Redondo / 2,5 / 6 mts / 1.6 mm",Estandar,,N/A,,,,,32.22675737,,35.53,,3.30324263,43.3466,,45.11746032,55.04330159,,
,,,,CARE342MM,"Redondo / 3/4"" / 6 mts / 2 mm",Estandar,,N/A,,,,,11.51927438,,12.7,,1.180725624,15.494,,16.12698413,19.67492063,,
,,,,CARE12MM,"Redondo / 1"" / 6 mts / 2 mm",Estandar,,N/A,,,,,15.8185941,,17.44,,1.621405896,21.2768,,22.14603175,27.01815873,,
,,,,CARE11452MM,"Redondo / 1 1/4"" / 6 mts / 2 mm",Estandar,,N/A,,,,,20.61678005,,22.73,,2.113219955,27.7306,,28.86349206,35.21346032,,
,,,,CARE1122MM,"Redondo / 1 1/2"" / 6 mts / 2 mm",Estandar,,N/A,,,,,24.72562358,,27.26,,2.534376417,33.2572,,34.61587302,42.23136508,,
,,,,CARE22MM,"Redondo / 2"" / 6 mts / 2 mm",Estandar,,N/A,,,,,32.97052154,,36.35,,3.379478458,44.347,,46.15873016,56.31365079,,
,,,,CARE252MM,"Redondo / 2,5 / 6 mts / 2 mm",Estandar,,N/A,,,,,42.62131519,,46.99,,4.368684807,57.3278,,59.66984127,72.79720635,,
,,,,CARE13MM,"Redondo / 1"" / 6 mts / 3 mm",Estandar,,N/A,,,,,23.26530612,,25.65,,2.384693878,31.293,,32.57142857,39.73714286,,
,,,,CARE1143MM,"Redondo / 1 1/4"" / 6 mts / 3 mm",Estandar,,N/A,,,,,29.87755102,,32.94,,3.06244898,40.1868,,41.82857143,51.03085714,,
,,,,CARE23MM,"Redondo / 2"" / 6 mts / 3 mm",Estandar,,N/A,,,,,49.66893424,,54.76,,5.09106576,66.8072,,69.53650794,84.83453968,,
,,,,CACU202016MM,Cuadrado / 20 x 20 / 6 mts / 1.6 mm,Estandar,,N/A,,,,,11.70068027,,12.9,,1.199319728,15.738,,16.38095238,19.9847619,,
,,,,CACU252516MM,Cuadrado / 25 x 25 / 6 mts / 1.6 mm,Estandar,,N/A,,,,,14.9569161,,16.49,,1.5330839,20.1178,,20.93968254,25.5464127,,
,,,,CACU303016MM,Cuadrado / 30 x 30 / 6 mts / 1.6 mm,Estandar,,N/A,,,,,18.17687075,,20.04,,1.863129252,24.4488,,25.44761905,31.04609524,,
,,,,CACU353516MM,Cuadrado / 35 x 35 / 6 mts / 1.6 mm,Estandar,,N/A,,,,,21.94104308,,24.19,,2.248956916,29.5118,,30.71746032,37.47530159,,
,,,,CACU404016MM,Cuadrado / 40 x 40 / 6 mts / 1.6 mm,Estandar,,N/A,,,,,24.61678005,,27.14,,2.523219955,33.1108,,34.46349206,42.04546032,,
,,,,CACU505016MM,Cuadrado / 50 x 50 / 6 mts / 1.6 mm,Estandar,,N/A,,,,,31.09297052,,34.28,,3.187029478,41.8216,,43.53015873,53.10679365,,
,,,,CACU606016MM,Cuadrado / 60 x 60 / 6 mts / 1.6 mm,Estandar,,N/A,,,,,38.51247166,,42.46,,3.947528345,51.8012,,53.91746032,65.77930159,,
,,,,CACU808016MM,Cuadrado / 80 x 80 / 6 mts / 1.6 mm,Estandar,,N/A,,,,,52.02721088,,57.36,,5.332789116,69.9792,,72.83809524,88.86247619,,
,,,,CACU10010016MM,Cuadrado / 100 x 100 / 6 mts / 1.6 mm,Estandar,,N/A,,,,,68.04535147,,75.02,,6.974648526,91.5244,,95.26349206,116.2214603,,
,,,,CACU20202MM,Cuadrado / 20 x 20 / 6 mts / 2 mm,Estandar,,N/A,,,,,15.138322,,16.69,,1.551678005,20.3618,,21.19365079,25.85625397,,
,,,,CACU25252MM,Cuadrado / 25 x 25 / 6 mts / 2 mm,Estandar,,N/A,,,,,20.24489796,,22.32,,2.075102041,27.2304,,28.34285714,34.57828571,,
,,,,CACU30302MM,Cuadrado / 30 x 30 / 6 mts / 2 mm,Estandar,,N/A,,,,,23.71882086,,26.15,,2.431179138,31.903,,33.20634921,40.51174603,,
,,,,CACU40402MM,Cuadrado / 40 x 40 / 6 mts / 2 mm,Estandar,,N/A,,,,,32.32653061,,35.64,,3.313469388,43.4808,,45.25714286,55.21371429,,
,,,,CACU50502MM,Cuadrado / 50 x 50 / 6 mts / 2 mm,Estandar,,N/A,,,,,40.92517007,,45.12,,4.194829932,55.0464,,57.2952381,69.90019048,,
,,,,CACU60602MM,Cuadrado / 60 x 60 / 6 mts / 2 mm,Estandar,,N/A,,,,,49.54195011,,54.62,,5.078049887,66.6364,,69.35873016,84.61765079,,
,,,,CACU80802MM,Cuadrado / 80 x 80 / 6 mts / 2 mm,Estandar,,N/A,,,,,66.73922902,,73.58,,6.840770975,89.7676,,93.43492063,113.9906032,,
,,,,CACU1001002MM,Cuadrado / 100 x 100 / 6 mts / 2 mm,Estandar,,N/A,,,,,83.92743764,,92.53,,8.602562358,112.8866,,117.4984127,143.3480635,,
,,,,CACU40403MM,Cuadrado / 40 x 40 / 6 mts / 3 mm,Estandar,,N/A,,,,,48.12698413,,53.06,,4.933015873,64.7332,,67.37777778,82.20088889,,
,,,,CACU50503MM,Cuadrado / 50 x 50 / 6 mts / 3 mm,Estandar,,N/A,,,,,59.8185941,,65.95,,6.131405896,80.459,,83.74603175,102.1701587,,
,,,,CACU60603MM,Cuadrado / 60 x 60 / 6 mts / 3 mm,Estandar,,N/A,,,,,74.62131519,,82.27,,7.648684807,100.3694,,104.4698413,127.4532063,,
,,,,CACU80803MM,Cuadrado / 80 x 80 / 6 mts / 3 mm,Estandar,,N/A,,,,,101.0521542,,111.41,,10.3578458,135.9202,,141.4730159,172.5970794,,
,,,,CACU1001003MM,Cuadrado / 100 x 100 / 6 mts / 3 mm,Estandar,,N/A,,,,,124.3537415,,137.1,,12.7462585,167.262,,174.0952381,212.3961905,,
,,,,CAREC402016MM,Rectangular / 40 x 20 / 6 mts / 1.6 mm,Estandar,,N/A,,,,,18.63945578,,20.55,,1.910544218,25.071,,26.0952381,31.83619048,,
,,,,CAREC503016MM,Rectangular / 50 x 30 / 6 mts / 1.6 mm,Estandar,,N/A,,,,,24.61678005,,27.14,,2.523219955,33.1108,,34.46349206,42.04546032,,
,,,,CAREC603016MM,Rectangular / 60 x 30 / 6 mts / 1.6 mm,Estandar,,N/A,,,,,28.57142857,,31.5,,2.928571429,38.43,,40.0,48.8,,
,,,,CAREC604016MM,Rectangular / 60 x 40 / 6 mts / 1.6 mm,Estandar,,N/A,,,,,31.09297052,,34.28,,3.187029478,41.8216,,43.53015873,53.10679365,,
,,,,CAREC804016MM,Rectangular / 80 x 40 / 6 mts / 1.6 mm,Estandar,,N/A,,,,,37.5600907,,41.41,,3.849909297,50.5202,,52.58412698,64.15263492,,
,,,,CAREC1004016MM,Rectangular / 100 x 40 / 6 mts / 1.6 mm,Estandar,,N/A,,,,,45.41496599,,50.07,,4.655034014,61.0854,,63.58095238,77.5687619,,
,,,,CAREC1006016MM,Rectangular / 100 x 60 / 6 mts / 1.6 mm,Estandar,,N/A,,,,,52.02721088,,57.36,,5.332789116,69.9792,,72.83809524,88.86247619,,
,,,,CAREC40202MM,Rectangular / 40 x 20 / 6 mts / 2 mm,Estandar,,N/A,,,,,24.33560091,,26.83,,2.494399093,32.7326,,34.06984127,41.56520635,,
,,,,CAREC50302MM,Rectangular / 50 x 30 / 6 mts / 2 mm,Estandar,,N/A,,,,,32.32653061,,35.64,,3.313469388,43.4808,,45.25714286,55.21371429,,
,,,,CAREC60302MM,Rectangular / 60 x 30 / 6 mts / 2 mm,Estandar,,N/A,,,,,40.38,,40.38,,0.0,49.2636,,56.532,68.96904,,
,,,,CAREC60402MM,Rectangular / 60 x 40 / 6 mts / 2 mm,Estandar,,N/A,,,,,40.92517007,,45.12,,4.194829932,55.0464,,57.2952381,69.90019048,,
,,,,CAREC80402MM,Rectangular / 80 x 40 / 6 mts / 2 mm,Estandar,,N/A,,,,,49.54195011,,54.62,,5.078049887,66.6364,,69.35873016,84.61765079,,
,,,,CAREC100402MM,Rectangular / 100 x 40 / 6 mts / 2 mm,Estandar,,N/A,,,,,58.14058957,,64.1,,5.959410431,78.202,,81.3968254,99.30412698,,
,,,,CAREC100602MM,Rectangular / 100 x 60 / 6 mts / 2 mm,Estandar,,N/A,,,,,66.73922902,,73.58,,6.840770975,89.7676,,93.43492063,113.9906032,,
,,,,CAREC50303MM,Rectangular / 50 x 30 / 6 mts / 3 mm,Estandar,,N/A,,,,,48.12698413,,53.06,,4.933015873,64.7332,,67.37777778,82.20088889,,
,,,,CAREC80403MM,Rectangular / 80 x 40 / 6 mts / 3 mm,Estandar,,N/A,,,,,74.62131519,,82.27,,7.648684807,100.3694,,104.4698413,127.4532063,,
,,,,CAREC100403MM,Rectangular / 100 x 40 / 6 mts / 3 mm,Estandar,,N/A,,,,,87.83673469,,96.84,,9.003265306,118.1448,,122.9714286,150.0251429,,
,,,,CAREC100603MM,Rectangular / 100 x 60 / 6 mts / 3 mm,Estandar,,N/A,,,,,101.0521542,,111.41,,10.3578458,135.9202,,141.4730159,172.5970794,,
,,,,SOL7043300,PGU Soleras / 100x35 / 0.89 mm / unidad / 6m,Estandar,,N/A,,,,,16.14512472,,17.8,,1.654875283,21.716,,,,,
MONTFRIO,,,,ISOP50F,Isopanel 50 mm Fachada,Estandar,,N/A,,,,,26.43320925,,30.39819064,0.15,3.964981388,37.08579258,,29.07653018,,,
MONTFRIO,,,,ISOP100C,Isopanel 100 mm Fachada,Estandar,,N/A,,,,,30.32,,34.868,0.15,4.548,42.53896,,33.352,,,
MONTFRIO,,,,ISOP100F,Isopanel 100 mm Cubierta - oferta Agustin U$S,Estandar,,N/A,,,,,30.32,,34.868,0.15,4.548,42.53896,,33.352,,,
MONTFRIO,,,,ISOP150C,Isopanel 150 mm Cubierta,Estandar,,N/A,,,,,39.1709115,,45.04654823,0.15,5.875636725,54.95678883,,43.08800265,,,
MONTFRIO,,,,ISOP150F,Isopanel 150 mm Fachada,Estandar,,N/A,,,,,39.1709115,,45.04654823,0.15,5.875636725,54.95678883,,43.08800265,,,
MONTFRIO,,,,ISOP200C,Isopanel 200 mm Cubierta,Estandar,,N/A,,,,,38.0699865,,43.78048448,0.15,5.710497975,53.41219106,,41.87698515,,,
MONTFRIO,,,,ISOP200F,Isopanel 200 mm Fachada,Estandar,,N/A,,,,,38.0699865,,43.78048448,0.15,5.710497975,53.41219106,,41.87698515,,,
MONTFRIO,,,,ISOP250C,Isopanel 250 mm Cubierta,Estandar,,N/A,,,,,41.94,,48.231,0.15,6.291,58.84182,,46.134,,,
MONTFRIO,,,,ISOP250F,Isopanel 250 mm Fachada,Estandar,,N/A,,,,,41.94,,48.231,0.15,6.291,58.84182,,46.134,,,
MONTFRIO,,,,ISOPT50C,Isopanel Trapezoidal EPS 50 mm Cubierta,Estandar,,N/A,,,,,29.21184,,33.593616,0.15,4.381776,40.98421152,,32.133024,,,
MONTFRIO,,,,PIENGISO,Pinza Engrafadora para Isopaneles,Estandar,,N/A,,,,,246,,282.9,1.15,36.9,345.138,,,,,393.45732
MONTFRIO,,,,RPOP,Caja Remaches Pop Blancos para Isopanel - 1000 u.,Estandar,,N/A,,,,,24,,60,2.5,36,73.2,,,,,83.448
MONTFRIO,,,,ENPIR50,"Enpir 50 mm Cubierta - 1,1 m útil",Estandar,,N/A,,,,,32.47,,37.3405,0.15,4.8705,45.55541,,,,,
MONTFRIO,,,,ENPIR80,"Enpir 80 mm Cubierta - 1,1 m útil",Estandar,,N/A,,,,,38.28,,44.022,0.15,5.742,53.70684,,,,,
MONTFRIO,,,,ENPIR100,"Enpir 100 mm Cubierta - 1,1 m útil",Estandar,,N/A,,,,,42.21,,48.5415,0.15,6.3315,59.22063,,,,,
MONTFRIO,,,,ENPIR120,"Enpir 120 mm Cubierta - 1,1 m útil",Estandar,,N/A,,,,,46.15,,53.0725,0.15,6.9225,64.74845,,,,,
MONTFRIO,,,,Codigo,Producto,Estandar,,N/A,,,,,Costo Unit. U$S + IVA,,Venta + IVA,Costo ML + IVA,Margen,Consumidor Final (Iva inc),,Precio / 3 ,,,Precio MLib (Iva inc)
MONTFRIO,,,,GFI100,Gotero Frontal p/panel 100 mm,Estandar,,N/A,,,,,15.87,,19.044,5.29,0.2,23.23368,,6.348,,,26.4863952
MONTFRIO,,,,GFI150,Gotero Frontal p/panel 150 mm,Estandar,,N/A,,,,,17.82,,21.384,5.94,0.2,26.08848,,7.128,,,29.7408672
MONTFRIO,,,,GFI200,Gotero Frontal p/panel 200 mm,Estandar,,N/A,,,,,18.3645,,22.0374,6.19,0.2,26.885628,,7.3458,,,30.64961592
MONTFRIO,,,,GFI250,Gotero Frontal p/panel 250 mm,Estandar,,N/A,,,,,21.72,,26.064,6.86,0.2,31.79808,,8.688,,,36.2498112
MONTFRIO,,,,GF50 ENPIR,Gotero Frontal 50mm ENPIR de 3m,Estandar,,N/A,,,,,12.957,,15.5484,4.319,0.2,18.969048,,,,,
MONTFRIO,,,,GLI100,Gotero Lateral p/panel 100 mm,Estandar,,N/A,,,,,19.32,,23.184,6.44,0.2,28.28448,,7.728,,,32.2443072
MONTFRIO,,,,GLI150,Gotero Lateral p/panel 150 mm,Estandar,,N/A,,,,,21.3,,25.56,7.1,0.2,31.1832,,8.52,,,35.548848
MONTFRIO,,,,GLI200,Gotero Lateral p/panel 200 mm,Estandar,,N/A,,,,,25,,30,7.34,0.2,36.6,,10,,,41.724
MONTFRIO,,,,GLI250,Gotero Lateral p/panel 250 mm,Estandar,,N/A,,,,,25.305,,30.366,8.02,0.2,37.04652,,10.122,,,42.2330328
MONTFRIO,,,,GLIR100,Gotero Lateral Rasante p/panel 100 mm,Estandar,,N/A,,,,,16.26,,19.512,5.42,0.2,37.04652,,,,,42.2330328
MONTFRIO,,,,GLIR150,Gotero Lateral Rasante p/panel 150 mm,Estandar,,N/A,,,,,18.24,,25.389,6.08,0.2,30.97458,,,,,35.3110212
MONTFRIO,,,,GLIR200,Gotero Lateral Rasante p/panel 200 mm,Estandar,,N/A,,,,,21.1575,,25.389,7.0525,0.2,30.97458,,8.463,,,
MONTFRIO,,,,BEI3M,Babeta estándar,Estandar,,N/A,,,,,15.87,,19.044,5.29,0.2,23.23368,,6.348,,,26.4863952
MONTFRIO,,,,BAI3M,Babeta de Amure,Estandar,,N/A,,,,,15.3,,18.36,5.1,0.2,22.3992,,6.12,,,25.535088
MONTFRIO,,,,PUI50,Perfil U p/panel 50 mm,Estandar,,N/A,,,,,11.01,,13.212,3.67,0.2,16.11864,,4.404,,,18.3752496
MONTFRIO,,,,PUI100,Perfil U p/panel 100 mm,Estandar,,N/A,,,,,12.96,,15.552,4.32,0.2,18.97344,,5.184,,,21.6297216
MONTFRIO,,,,PUI150,Perfil U p/panel 150 mm,Estandar,,N/A,,,,,14.94,,17.928,4.98,0.2,21.87216,,5.976,,,24.9342624
MONTFRIO,,,,PUI200,Perfil U p/panel 200 mm,Estandar,,N/A,,,,,15.2145,,18.2574,5.21,0.2,22.274028,,6.0858,,,25.39239192
MONTFRIO,,,,CUEX3,Cumbrera Exterior,Estandar,,N/A,,,,,18.69,,22.428,6.23,0.2,27.36216,,7.476,,,31.1928624
MONTFRIO,,,,CAN100,Canalón p/panel 100 mm + bandeja + 2 Tapas,Estandar,,N/A,,,,,44.13,,52.956,14.71,0.2,64.60632,,17.652,,,73.6512048
MONTFRIO,,,,CAN150,Canalón p/panel 150 mm + bandeja + 2 Tapas,Estandar,,N/A,,,,,48.33,,57.996,16.11,0.2,70.75512,,19.332,,,80.6608368
MONTFRIO,,,,CAN200,Canalón p/panel 200 mm + bandeja + 2 Tapas,Estandar,,N/A,,,,,48.636,,58.3632,16.212,0.2,71.203104,,19.4544,,,81.17153856
MONTFRIO,,,,CAN250,Canalón p/panel 250 mm + bandeja + 2 Tapas,Estandar,,N/A,,,,,63.7245,,76.4694,21.2415,0.2,93.292668,,25.4898,,,106.3536415
MONTFRIO,,,,OMEGA3,Omega de 3 m,Estandar,,N/A,,,,,9.96,,11.952,3.32,0.2,14.58144,,3.984,,,16.6228416
MONTFRIO,,,,EMBISO,Embudo,Estandar,,N/A,,,,,20.85,,28.8,6.95,1.381294964,35.136,,9.6,,,40.05504
MONTFRIO,,,,BANCANISO,Bandeja interior de Canalón,Estandar,,N/A,,,,,14.7,,17.934,4.9,0.2,21.87948,,5.978,,,24.9426072
MONTFRIO,,,,ATER1003,Ángulo de Terminación p/panel 100 mm,Estandar,,N/A,,,,,12.348,,14.8176,4.116,0.2,18.077472,,4.9392,,,20.60831808
MONTFRIO,,,,ATER1503,Ángulo de Terminación p/panel 150 mm,Estandar,,N/A,,,,,14.175,,17.01,4.725,0.2,20.7522,,5.67,,,23.657508
MONTFRIO,,,,ATER2003,Ángulo de Terminación p/panel 200 mm,Estandar,,N/A,,,,,16.0335,,19.2402,5.33,0.2,23.473044,,6.4134,,,26.75927016
MONTFRIO,,,,ANINT40,Ángulo interior 40x40,Estandar,,N/A,,,,,8.97,,10.764,2.99,0.2,13.13208,,3.588,,,14.9705712
MONTFRIO,,,,ANEX40,,Estandar,,N/A,,,,,8.97,,10.764,2.99,0.2,13.13208,,3.588,,,14.9705712
MONTFRIO,,,,ANPI3,Ángulo de piso,Estandar,,N/A,,,,,10.731,,12.8772,3.577,0.2,15.710184,,4.2924,,,17.90960976
MONTFRIO,,,,ANEA575,Ángulo estructural aluminio (5.75 M),Estandar,,N/A,,,,,31.8,,38.16,10.6,0.2,46.5552,,6.636521739,,,53.072928
MONTFRIO,,,,MAAG10M,Membrana asfáltica c/alumiinio gofrado 4mm - 10 m,Estandar,,N/A,,,,,55.8495,,67.0194,18.6165,0.2,81.763668,,6.70194,,,93.21058152
MONTFRIO,,,,PP750,Pomo de Poliuretano 750 cm3,Estandar,,N/A,,,,,25.8825,,31.059,8.6275,0.2,37.89198,,10.353,,,43.1968572
MONTFRIO,,,,TSNB280,Tubo de silicona neutra blanca 280 cm3,Estandar,,N/A,,,,,6.216,,7.4592,2.072,0.2,9.100224,,2.4864,,,10.37425536
MONTFRIO,,,,REMPOP,"Remache POP 5/32 x 1/2"" -caja de 1000",Estandar,,N/A,,,,,0.021,,0.0315,0.007,0.2,0.03843,,0.0105,,,0.0438102
MONTFRIO,,,,ANCNO10,"Taco plastico nº 8 + Tornillo nº10x1 1/2 + Arandela 3/16""",Estandar,,N/A,,,,,0.0735,,0.0882,0.0245,0.2,0.107604,,0.0294,,,0.12266856
MONTFRIO,,,,BISTISO,Bisagras sin Tranca,Estandar,,N/A,,,,,44.856,,53.8272,14.952,20 %,65.669184,,17.9424,,,74.86286976
MONTFRIO,,,,PTAFRIBAT,Puerta Frigorifica Batiente (0.9mx1.8mx0.1m),Estandar,,N/A,,,,,1365,,1450,x,11.53 %,1769,,,,,2016.66
MONTFRIO,,,,EEPSPK1X1,Paquete Espuma 1x1 (PAq. 12 u.) CAT. II 50 mm,Estandar,,N/A,,,,,75.2,,90.24,0.2,15.04,118.23,,,,,134.7822
MONTFRIO,,,,EEPSPK1X3,Paquete Espuma 1x3 (PAq. 12u.) CAT. II 50 mm,Estandar,,N/A,,,,,184.8,,211,0.1417748918,26.2,257.42,,,,,293.4588
MONTFRIO,,,,TORTPVCBL,Tortugas PVC común,Estandar,,N/A,,,,,2.0475,,2.457,0.6825,20 %,2.99754,,,,,
MONTFRIO,,,,TORTGRIS,Tortugas Grises,Estandar,,N/A,,,,,2.1,,2.52,0.7,20 %,3.0744,,,,,3.504816
MONTFRIO,,,,Z,Anclaje Z,Estandar,,N/A,,,,,2.1,,2.52,0.7,20 %,3.0744,,,,,3.504816
MONTFRIO,,,,Pêrf.Zócalo,Perfil Zócalo,Estandar,,N/A,,,,,9.45,,11.34,3.15,20 %,13.8348,,,,,15.771672
SECO CENTER,,,,SCM343830,MONTANTE 34MM E 0.38 X 3M LARGO,Estandar,,N/A,,,,,2.92,,3.69,0.2636986301,0.77,,,,4.5018,,
SECO CENTER,,,,SCM693830,MONTANTE 69MM E 0.38 X 3M LARGO,Estandar,,N/A,,,,,4.03,,5.08,0.2605459057,1.05,,,,6.1976,,
SECO CENTER,,,,SCM993826,MONTANTE 99MM E 0.38 X 2.6M LARGO,Estandar,,N/A,,,,,4.71,,5.94,0.2611464968,1.23,,,,7.2468,,
SECO CENTER,,,,PGC700926,MONTANTE ESTRUCTURAL 70MM E 0.92 X 6M,Estandar,,N/A,,,,,21.92,,27.83,0.2696167883,5.91,,,,33.9526,,
SECO CENTER,,,,PGC10009226,MONTANTE ESTRUCTURAL 100MM E 0.92 X 2.6M FARDO X 50 UNI,Estandar,,N/A,,,,,10.61,,13.42,0.2648444863,2.81,,,,16.3724,,
SECO CENTER,,,,PGC1000926,MONTANTE ESTRUCTURAL 100MM E 0.92 X 6M,Estandar,,N/A,,,,,24.49,,31.13,0.2711310739,6.64,,,,37.9786,,
SECO CENTER,,,,PGC1001276,MONTANTE ESTRUCTURAL 100MM E 1.29 X 6M,Estandar,,N/A,,,,,31.41,,39.82,0.2677491245,8.41,,,,48.5804,,
SECO CENTER,,,,PGC1001626,MONTANTE ESTRUCTURAL 100MM E 1.62MM X 6M,Estandar,,N/A,,,,,44.2,,56.1,0.2692307692,11.9,,,,68.442,,
SECO CENTER,,,,PGC1500926,MONTANTE ESTRUCTURAL 150MM E 0.92 X 6M,Estandar,,N/A,,,,,33.01,,41.91,0.2696152681,8.9,,,,51.1302,,
SECO CENTER,,,,PGC1501276,MONTANTE ESTRUCTURAL 150MM E 1.27 X 6M,Estandar,,N/A,,,,,39.53,,50.13,0.2681507716,10.6,,,,61.1586,,
SECO CENTER,,,,PGC2001276,MONTANTE ESTRUCTURAL 200MM E 1.27 X 6 M,Estandar,,N/A,,,,,54.76,,69.52,0.2695398101,14.76,,,,84.8144,,
SECO CENTER,,,,PGC2001626,MONTANTE ESTRUCTURAL 200MM E 1.62 X 6M,Estandar,,N/A,,,,,68.11,,86.46,0.2694171194,18.35,,,,105.4812,,
SECO CENTER,,,,PGC2002046,MONTANTE PGC 200MM E 2.04MM X 6M,Estandar,,N/A,,,,,63.13,,80.08,0.2684935847,16.95,,,,97.6976,,
SECO CENTER,,,,PGC2501626,MONTANTE ESTRUCTURAL 250MM E 1.62 X 6M,Estandar,,N/A,,,,,90.88,,115.39,0.2696963028,24.51,,,,140.7758,,
SECO CENTER,,,,PGC3001626,MONTANTE ESTRUCTURAL 300MM E 1.62 X 6M,Estandar,,N/A,,,,,110.32,,140.03,0.2693074692,29.71,,,,170.8366,,
SECO CENTER,,,,SCS353830,SOLERA 35MM E 0.38 X 3M LARGO,Estandar,,N/A,,,,,2.69,,3.4,0.2639405204,0.71,,,,4.148,,
SECO CENTER,,,,SCS703830,SOLERA 70MM E 0.38 X 3M LARGO,Estandar,,N/A,,,,,3.71,,4.68,0.2614555256,0.97,,,,5.7096,,
SECO CENTER,,,,SCS1003826,SOLERA 100MM E 0.38 X 2.6M LARGO,Estandar,,N/A,,,,,4.46,,5.63,0.2623318386,1.17,,,,6.8686,,
SECO CENTER,,,,PGU700926,SOLERA ESTRUCTURAL 70MM E 0.92 X 6M,Estandar,,N/A,,,,,19.65,,24.97,0.2707379135,5.32,,,,30.4634,,
SECO CENTER,,,,PGU1000926,SOLERA ESTRUCTURAL 100MM E 0.92 X 6M,Estandar,,N/A,,,,,21.67,,26.73,0.2335025381,5.06,,,,32.6106,,
SECO CENTER,,,,PGU1001276,SOLERA ESTRUCTURAL 100MM E 1.29mm X 6M,Estandar,,N/A,,,,,29.23,,37.07,0.2682175847,7.84,,,,45.2254,,
SECO CENTER,,,,PGU1501626,SOLERA ESTRUCTURAL 150MM E 1.62 X 6M,Estandar,,N/A,,,,,53.76,,68.2,0.2686011905,14.44,,,,83.204,,
SECO CENTER,,,,PGU1500926,SOLERA ESTRUCTURAL 150MM E 0.92 X 6M,Estandar,,N/A,,,,,31.04,,39.38,0.268685567,8.34,,,,48.0436,,
SECO CENTER,,,,PGU1501276,SOLERA ESTRUCTURAL 150MM E 1.27 X 6M,Estandar,,N/A,,,,,40.47,,51.37,0.2693353101,10.9,,,,62.6714,,
SECO CENTER,,,,PGU2001276,SOLERA ESTRUCTURAL 200MM E 1.28MM X 6M,Estandar,,N/A,,,,,53.69,,68.2,0.2702551686,14.51,,,,83.204,,
SECO CENTER,,,,PGU2001626,SOLERA ESTRUCTURAL 200MM E 1.62 X 6M,Estandar,,N/A,,,,,69.33,,88.0,0.2692917929,18.67,,,,107.36,,
SECO CENTER,,,,PGU2002046,SOLERA ESTRUCTURAL 200MM E 2.04 X 6M,Estandar,,N/A,,,,,60.36,,76.56,0.268389662,16.2,,,,93.4032,,
SECO CENTER,,,,REG13,PLACA YESO REGULAR 12.5MM X 1.20 X 2.40M,Estandar,,N/A,,,,,6.99,,8.7,0.2446351931,1.71,,,,10.614,,
SECO CENTER,,,,REG13L,PLACA LIVIANA KNAUF 12.5MM X 1.20 X 2.40M 80 x pallet,Estandar,,N/A,,,,,7.71,,9.34,0.2114137484,1.63,,,,11.3948,,
SECO CENTER,,,,RH13,PLACA YESO R.HUMED.12.5MM X 1.20 X 2.40M,Estandar,,N/A,,,,,9.49,,11.81,0.2444678609,2.32,,,,14.4082,,
SECO CENTER,,,,RF13,PLACA YESO R.FUEGO.12.5MM X 1.20 X 2.40M,Estandar,,N/A,,,,,8.99,,11.75,0.3070077864,2.76,,,,14.335,,
SECO CENTER,,,,CDX12,FENOLICO CDX 12MM X 1.22 X 2.44M (75 x pallet),Estandar,,N/A,,,,,18.3,,23.21,0.2683060109,4.91,,,,28.3162,,
SECO CENTER,,,,CDX15,FENOLICO CDX 15MM X 1.22 X 2.44M (60 x pallet),Estandar,,N/A,,,,,25.1,,33.21,0.3231075697,8.11,,,,40.5162,,
SECO CENTER,,,,CDX18,FENOLICO CDX 18MM X 1.22 X 2.44M (51 x pallet),Estandar,,N/A,,,,,29.39,,37.29,0.2687989112,7.9,,,,45.4938,,
SECO CENTER,,,,OSB11,OSB 11MM X 1.22 X 2.44M (77 x pallet),Estandar,,N/A,,,,,16.9,,23.32,0.3798816568,6.42,,,,28.4504,,
SECO CENTER,,,,OSB15,OSB 15MM X 1.22 X 2.44M (58 x pallet),Estandar,,N/A,,,,,23.0,,29.26,0.272173913,6.26,,,,35.6972,,
SECO CENTER,,,,OSB18,OSB 18MM X 1.22 X 2.44M (46 x pallet),Estandar,,N/A,,,,,28.45,,35.75,0.2565905097,7.3,,,,43.615,,
SECO CENTER,,,,CB4812,"PLACA CEMENTICIA PERMABASE PLUS 11,1X1.22X2,30M",Estandar,,N/A,,,,,29.9,,36.85,0.2324414716,6.95,,,,44.957,,
SECO CENTER,,,,9020MH,"PLYSTONE MH 20MM X 1,22M X 2,44M",Estandar,,N/A,,,,,60.33,,75.43,0.2502900713,15.1,,,,92.0246,,
SECO CENTER,,,,80101-30,STO PRIMER ADHESIVE BOLSA 25KG,Estandar,,N/A,,,,,20.9,,28.49,0.3631578947,7.59,,,,34.7578,,
SECO CENTER,,,,BCOAT,BASECOAT MONOCOMPONENTE BOLSA 25 kg.,Estandar,,N/A,,,,,12.9,,18.04,0.3984496124,5.14,,,,22.0088,,
SECO CENTER,,,,TYP30,"PAPEL TYPAR BARBI TECHO ROLLO 0.92M X 30,5M",Estandar,,N/A,,,,,43.0,,78.2,0.8186046512,35.2,,,,95.404,,
SECO CENTER,,,,TYP40,PAPEL TYPAR BARBI PARED ROLLO 2.74M X 45.72M,Estandar,,N/A,,,,,196.0,,268.0,0.3673469388,72.0,,,,326.96,,
SECO CENTER,,,,FL50A,LANA 50MM 1.20X15M C/ALUMINIO ROLLO LIBRE 18M2,Estandar,,N/A,,,,,49.64,,64.532,0.3,14.892,,,,78.72904,,
SECO CENTER,,,,JMR11k,"LANA VIDRIO JM R11 90mm Kraft 16""x96"" 15,87M2 precortada",Estandar,,N/A,,,,,78.0,,101.4,0.3,23.4,,,,123.708,,
SECO CENTER,,,,JMR11,"LANA VIDRIO JM R11 90mm 16""x96"" 15,87M2 precortada",Estandar,,N/A,,,,,76.0,,98.8,0.3,22.8,,,,120.536,,
SECO CENTER,,,,LPR50,"PANEL DE LANA ROCA 50MM X 1,20 X 0,60M 32KG/M3 4.32M2",Estandar,,N/A,,,,,32.0,,41.6,0.3,9.6,,,,50.752,,
SECO CENTER,,,,BA100,BANDA ACUSTIA BARBIRI 100MM X 20M (CAJA X 5UN),Estandar,,N/A,,,,,18.8,,22.56,,,,,,27.5232,,
SECO CENTER,,,,BA50,BANDA ACUSTIA BARBIRI 50MM X 20M (CAJA X 5UN),Estandar,,N/A,,,,,6.9,,9.66,,,,,,11.7852,,
HOMEKIT,,,,,OSB Guard (2440x1220x90mm),Estandar,,N/A,,,,,,,166.8,,,203.496,,,,,
HOMEKIT,,,,,OSB Terciada (2440x1220x75mm),Estandar,,N/A,,,,,,,178.8,,,218.136,,,,,
HOMEKIT,,,,,Unión H,Estandar,,N/A,,,,,,,0.0,,,0.0,,,,,
HOMEKIT,,,,,Tablillas,Estandar,,N/A,,,,,,,0.0,,,0.0,,,,,
HOMEKIT,,,,,Viga I Joist,Estandar,,N/A,,,,,,,0.0,,,0.0,,,,,
HOMEKIT,,,,,Alquiler de Rebajador de Panel,Estandar,,N/A,,,,,,,0.0,,,0.0,,,,,
HOMEKIT,,,,,"Listones Tirantes de Madera (2""x2"" de 3,3 m)",Estandar,,N/A,,,,,,,13.2,,,16.104,,,,,
HOMEKIT,,,,,"Listones Tirantes de Madera (2""x3"" de 3,3 m)",Estandar,,N/A,,,,,,,18.7,,,22.814,,,,,
Importaciones,,,,,Zorzal,Estandar,,N/A,,,,,,,880.0,,,1073.6,,,,,
Importaciones,,,,,Cardelino,Estandar,,N/A,,,,,,,670.0,,,817.4,,,,,
Importaciones,,,,,PU30,Estandar,,N/A,,,,,,,36.5,,,44.53,,,,,
Importaciones,,,,,PU20,Estandar,,N/A,,,,,,,27.05,,,33.001,,,,,
Importaciones,,,,,Perf. Frontal,Estandar,,N/A,,,,,,,24.0,,,29.28,,,,,
Importaciones,,,,,Babeta Lateral,Estandar,,N/A,,,,,,,30.0,,,36.6,,,,,
Importaciones,,,,,Cumbrera,Estandar,,N/A,,,,,,,29.325,,,35.7765,,,,,
Importaciones,,,,,Arandelas,Estandar,,N/A,,,,,,,0.55,,,0.671,,,,,
Importaciones,,,,,Canalón de 3 m,Estandar,,N/A,,,,,,,24.0,,,29.28,,,,,
Barraca Parna,,Montante,,PGC 100,100 x 6m - Cal 18,Estandar,,N/A,,,,,,,35,,,,,,,,
Barraca Parna,,Montante,,PGC 150,150 x 6m - Cal 18,Estandar,,N/A,,,,,,,40,,,,,,,,
Barraca Parna,,Montnte,,PGC 200,200 x 6m - Cal 18,Estandar,,N/A,,,,,,,48,,,,,,,,
Obra Color y Roberto Tófalo,,,,,Caballete plastico Ondulado,Estandar,,N/A,,,,,,,0.2,,,0.244,,,,,
Obra Color y Roberto Tófalo,,,,,Unisil Silicona Neutra,Estandar,,N/A,,,,,,,7.956,,,9.70632,,,,,
Obra Color y Roberto Tófalo,,,,,Den Braven 453 gr. PU Fix,Estandar,,N/A,,,,,,,17.316,,,21.12552,,,,,
Obra Color y Roberto Tófalo,,,,,Kisafix PU 400 gr.,Estandar,,N/A,,,,,,,9.768,,,11.91696,,,,,
Obra Color y Roberto Tófalo,,,,,Quiadsa PEGAMENTO 400 gr.,Estandar,,N/A,,,,,,,19.08,,,23.2776,,,,,
Obra Color y Roberto Tófalo,,,,,VIGA especial para sarah smith,Estandar,,N/A,,,,,,,29.5,,,35.99,,,,,
